stop_id,lat,lon,demand_packages,service_time_min,window_start_min,window_end_min,is_depot
0,41.8781,-87.6298,0,0,480,1020,1
1,41.66932840756149,-87.53394555959552,1,5,705,802,0
2,41.93572755513271,-87.71296195284354,5,3,644,746,0
3,41.92533427781559,-87.65998266672776,3,4,731,880,0
4,41.76210398552934,-87.5871115175376,2,4,566,734,0
5,41.93975199745693,-87.7941162688568,5,3,698,804,0
6,41.96911830532721,-87.66963918716712,4,6,712,831,0
7,41.92035864663615,-87.64724308701341,6,5,708,829,0
8,41.81058547479884,-87.67455519910386,3,3,584,706,0
9,41.916303164228864,-87.549871696129,7,5,589,701,0
10,41.95836496334079,-87.68603105745625,1,4,572,667,0
11,41.759762493650605,-87.57695398505844,7,3,646,783,0
12,41.88719048170588,-87.60391546826827,1,4,690,812,0
13,41.773393866023895,-87.55808354713874,6,3,610,731,0
14,41.68976729557162,-87.54273459325844,3,3,627,741,0
15,41.750184469052876,-87.65828561307768,4,6,583,757,0
16,41.926968572394266,-87.70258301405593,1,5,558,703,0
17,41.91035699887412,-87.62727234410366,6,3,716,844,0
18,41.746721388200655,-87.49689527065212,2,6,773,881,0
19,41.70698659820122,-87.57189212245393,6,5,584,746,0
20,41.94231873449151,-87.63143259920516,6,6,789,959,0
21,41.913527669086776,-87.52741664894735,7,5,685,777,0
22,41.79747189315019,-87.53665817585356,6,4,540,714,0
23,41.95178331766078,-87.58291883410087,3,5,611,764,0
24,41.74939788191905,-87.54113120104493,6,5,482,581,0
25,41.73348291690284,-87.51331980152388,7,5,494,652,0
26,41.714512013298084,-87.53499685137444,3,3,601,700,0
27,41.74550800079705,-87.53886008052467,1,4,643,737,0
28,41.789631994680576,-87.69108908664647,8,3,767,867,0
29,41.911355474734414,-87.61701788112092,2,4,528,659,0
30,41.90733215004371,-87.6606003917578,5,3,782,928,0
31,41.99186658972506,-87.60901822929083,2,3,564,691,0
32,41.953787177359835,-87.57883779750044,2,6,529,630,0
33,41.9577242865033,-87.71117276418704,7,3,731,839,0
34,41.894795292186096,-87.6254700125925,2,6,758,925,0
35,41.74342727320394,-87.51763139306858,6,3,697,874,0
36,41.67150955392394,-87.54356110665367,6,6,521,679,0
37,41.73585148785163,-87.51243428483701,1,4,521,620,0
38,41.72051998327245,-87.5953340296284,2,5,620,784,0
39,41.93459166418252,-87.64305877784152,7,4,642,794,0
40,41.76076043211424,-87.61193049493704,5,4,839,976,0
41,41.9410642064639,-87.6824801955532,1,4,583,686,0
42,41.79395351780473,-87.61821536934413,8,5,549,729,0
43,41.80031333649918,-87.51380659771579,3,4,820,950,0
44,41.948176985015834,-87.65611045525716,1,5,535,629,0
45,41.92355482338966,-87.666822673157,8,6,489,598,0
46,41.888235788793715,-87.73244210781209,1,4,632,758,0
47,41.70114271776712,-87.55154507003479,5,4,624,719,0
48,41.76089098287016,-87.58229257474139,8,3,703,822,0
49,41.91151384193073,-87.6168620620957,5,4,795,927,0
50,41.8809362709039,-87.6347630133773,5,3,815,991,0
51,41.69315137668154,-87.51725349564208,4,3,584,681,0
52,41.97128587880855,-87.68472071132729,2,6,833,975,0
53,41.74736243434165,-87.67469567948952,5,3,707,880,0
54,41.785359112231006,-87.66120445107526,8,4,505,668,0
55,41.949194080341876,-87.72656225419502,1,6,817,991,0
56,41.69333198637903,-87.50617881462762,8,6,529,634,0
57,41.78898106349093,-87.5325249494108,4,3,691,853,0
58,41.9607078398587,-87.6089250427098,5,3,764,943,0
59,41.942971684186304,-87.63914221324745,2,4,569,688,0
60,41.69818067400217,-87.50254049887913,5,5,577,712,0
61,41.94326443134844,-87.66825097581388,2,6,651,789,0
62,41.696238786148506,-87.56605130643324,3,3,798,932,0
63,41.9123144473335,-87.6459192079459,6,3,560,676,0
64,41.78944548447507,-87.61917001772291,1,4,718,896,0
65,41.672143966998625,-87.53957191831272,4,6,642,819,0
66,41.705040546906744,-87.48533629543482,5,3,520,644,0
67,41.95203100086648,-87.64669434152981,2,4,735,898,0
68,41.772996106072114,-87.48359467317188,3,3,779,905,0
69,41.81345549349828,-87.53977236933144,3,3,687,849,0
70,41.92174979380694,-87.6228683473325,6,6,543,686,0
71,41.75285711025902,-87.49104247436605,8,3,536,668,0
72,41.74352505438692,-87.6768868813909,7,4,632,733,0
73,41.76796163404738,-87.69658483641925,2,6,662,811,0
74,41.71134377312169,-87.54831740583805,1,5,678,797,0
75,41.99651472586009,-87.70825547771123,1,3,567,676,0
76,41.88511018972108,-87.66897336410574,5,4,660,767,0
77,41.684190732699264,-87.51139221207495,2,6,586,765,0
78,41.72437733760568,-87.6829049099568,2,4,727,826,0
79,41.6979521872459,-87.49404059230015,7,5,766,928,0
80,41.87577693364584,-87.69714240601822,7,5,714,882,0
81,41.68768252905491,-87.55980945911863,7,5,480,572,0
82,41.67795473123247,-87.59040613990705,3,3,837,980,0
83,41.69986748150209,-87.56115802462146,5,6,488,630,0
84,41.91353442951723,-87.71521419139539,5,6,839,961,0
85,41.904563340751636,-87.63774183259076,2,3,491,641,0
86,41.76212575215796,-87.54168106010931,5,6,665,792,0
87,41.74845359816269,-87.66999897078472,5,6,518,648,0
88,41.671796836824434,-87.526151022584,4,5,514,643,0
89,42.01418440326821,-87.75792505745916,7,4,726,888,0
90,42.02698248836132,-87.60761523953491,6,4,742,889,0
91,41.92994695886811,-87.70110418904,5,6,522,646,0
92,41.95243985368515,-87.71054354215279,6,3,831,1005,0
93,41.915088092604236,-87.59681541859807,7,6,595,757,0
94,41.95392807122126,-87.60565934362411,5,6,594,768,0
95,41.75686943224237,-87.59539419286494,3,5,586,742,0
96,41.89865675749152,-87.61869875746739,7,4,646,771,0
97,41.967406059752314,-87.64208895674885,6,5,544,704,0
98,41.714680283106226,-87.55868616049723,8,3,632,751,0
99,41.95221845448077,-87.75873176283274,2,6,555,669,0
100,41.94189356461614,-87.67396016810392,4,4,498,629,0
101,41.72240676174804,-87.57446199575267,8,3,612,790,0
102,41.956081959643925,-87.72603796500927,5,6,722,863,0
103,41.89806568745765,-87.60437152128269,8,5,754,878,0
104,41.7090075899307,-87.53132739277432,1,5,607,739,0
105,41.947201662348284,-87.74966303146572,1,3,596,712,0
106,41.97595390310648,-87.69302855685642,7,6,763,912,0
107,41.99110686737417,-87.69849480117486,3,5,725,846,0
108,41.96710284564993,-87.72906287448545,5,6,779,919,0
109,41.91537371661308,-87.63793670457021,4,6,806,929,0
110,41.96423917420739,-87.70498828272488,4,3,775,894,0
111,41.70250919602772,-87.52667512079056,8,3,817,995,0
112,41.76429780549916,-87.71382301197791,1,6,629,750,0
113,41.97161266380207,-87.72594616073657,7,5,622,718,0
114,41.902800512422324,-87.60682833804108,8,4,595,719,0
115,42.00424932027264,-87.66223775006605,6,4,564,702,0
116,41.98969454489189,-87.625193451969,4,5,749,847,0
117,41.77170754785398,-87.5937068516016,2,6,737,854,0
118,41.76313582856691,-87.61915635775739,6,3,768,873,0
119,41.753353909222824,-87.62215638566578,4,5,540,675,0
120,41.97899261030908,-87.64023371669178,2,6,656,811,0
121,41.768260822686514,-87.5318854396163,3,4,559,737,0
122,41.77434785967736,-87.62618023394002,8,4,801,926,0
123,41.85667612954263,-87.65505337610062,3,6,576,744,0
124,41.81046970792199,-87.67457516844297,2,3,531,640,0
125,41.71523060249116,-87.5695187454936,6,4,685,846,0
126,41.8744324780143,-87.59144807524217,2,4,796,937,0
127,41.747701149773796,-87.47633480505739,8,6,809,967,0
128,41.79188551216034,-87.7045915856184,7,3,514,672,0
129,41.762372914736375,-87.57271664284173,8,4,597,735,0
130,41.77632063723586,-87.65658144063526,8,3,535,648,0
131,41.94274293611674,-87.5768701782765,2,6,590,727,0
132,41.95569545788542,-87.76519555865946,2,5,672,837,0
133,41.90979628751677,-87.60727032749317,3,4,581,759,0
134,42.00395259971902,-87.66171067110545,4,4,504,678,0
135,41.89088438812914,-87.7797946430712,8,3,663,769,0
136,41.69587502561489,-87.57662257579784,6,6,499,643,0
137,41.765846192180824,-87.55864551172249,6,5,561,660,0
138,41.97103865618645,-87.74133483807019,8,4,480,630,0
139,41.93522699934559,-87.60401968354185,6,4,511,691,0
140,41.89645239771318,-87.62343169685157,4,5,637,731,0
141,41.95482448116658,-87.69199683735332,4,5,786,935,0
142,41.75087263901776,-87.51554226906646,5,4,758,934,0
143,41.74155331110071,-87.68422300732789,1,4,515,682,0
144,41.80868861482191,-87.6212554797818,6,5,492,617,0
145,41.93644190137515,-87.65298610356433,6,5,601,700,0
146,41.90380745549469,-87.63738247527708,6,5,714,888,0
147,41.876043378878194,-87.59733908088425,5,3,748,921,0
148,41.89615976435194,-87.58979805525215,7,4,776,918,0
149,41.73890808167273,-87.51783084439126,8,5,603,782,0
150,41.71882117979682,-87.59037653155617,5,6,540,630,0
151,41.75101155797264,-87.51477305180752,4,5,489,635,0
152,41.97860814051396,-87.66681460108241,1,4,532,625,0
153,41.71480126003119,-87.52506683497108,7,5,503,678,0
154,41.9543547039106,-87.66414452645517,8,3,789,940,0
155,41.77319565282707,-87.52906793408636,6,3,576,749,0
156,41.98593449342553,-87.75105919477954,7,5,776,917,0
157,41.75259985768343,-87.58785246521168,7,6,679,776,0
158,41.90738782002196,-87.5914676710112,7,6,674,766,0
159,41.926112740570176,-87.62343221358847,5,5,643,763,0
160,41.73021518318982,-87.55394143401244,1,3,774,931,0
161,41.91264810617537,-87.58230804645876,1,6,495,598,0
162,41.96754641721028,-87.64663030965885,2,4,513,680,0
163,41.90018630756776,-87.6146458947366,4,4,632,743,0
164,41.97843552623967,-87.62250507010441,6,6,622,757,0
165,41.805525762122834,-87.68565532691818,4,5,676,784,0
166,41.835479522852474,-87.64856805118221,1,5,745,877,0
167,41.722968524373044,-87.55120360256869,2,4,691,822,0
168,41.918733697316924,-87.73763053498845,8,6,572,662,0
169,41.96087613563407,-87.67730498227978,8,4,597,738,0
170,41.91282440622993,-87.6670280531109,4,5,750,911,0
171,41.74639200879614,-87.62627741835443,7,6,552,727,0
172,41.947838933309654,-87.5609656978212,6,5,661,781,0
173,41.963491554327724,-87.54497097693684,8,3,673,843,0
174,41.8859544851777,-87.62951671067688,8,4,750,919,0
175,41.917256521362255,-87.69750062070656,6,4,737,916,0
176,41.76182174298293,-87.55479934229349,4,6,647,770,0
177,41.91157692343992,-87.64137970762006,6,5,591,758,0
178,41.74211191661529,-87.55070029769759,3,4,612,753,0
179,41.95437687282602,-87.66950332075082,3,5,628,723,0
180,41.734855570032146,-87.51336114392089,5,5,558,672,0
181,41.96268592884487,-87.61381487656575,5,4,705,856,0
182,41.720345324197616,-87.71539647623166,5,4,555,659,0
183,41.71102910143401,-87.50929353388746,4,6,713,842,0
184,41.76292078443291,-87.47445159771667,4,5,750,910,0
185,41.7960903584288,-87.65874003385494,1,3,826,929,0
186,41.74776070410739,-87.54453527827542,5,5,522,657,0
187,41.72673075868783,-87.66941479444766,5,5,753,862,0
188,41.68595593711581,-87.51214749268816,8,5,510,648,0
189,41.719052210059374,-87.59190905735232,5,5,601,712,0
190,41.901355964437876,-87.62605884342425,4,6,543,720,0
191,41.74383340636666,-87.54634199704682,1,4,538,634,0
192,41.79481541559398,-87.6017606347173,2,4,543,720,0
193,41.929228888781516,-87.62165942860098,3,3,495,657,0
194,41.889538114655295,-87.55902937687354,4,5,776,943,0
195,41.96842599094164,-87.66917531105007,3,4,502,669,0
196,41.79082104795009,-87.52427607543153,4,4,623,730,0
197,41.91204512174174,-87.6048779466827,7,5,731,905,0
198,41.95220383261815,-87.66119573375288,2,4,836,980,0
199,41.71007644372105,-87.52703475486743,3,4,787,964,0
200,41.76032776302566,-87.62336104470553,2,4,529,698,0
201,41.69837602997443,-87.54407514071083,3,4,835,977,0
202,41.7802307995297,-87.72211341522957,6,3,715,839,0
203,41.71324186122306,-87.53366335886533,1,6,544,644,0
204,41.99074590338871,-87.75431721725604,3,3,641,740,0
205,41.93311181417982,-87.73527442394767,1,4,810,935,0
206,41.78100117758941,-87.6673606693271,8,5,621,784,0
207,41.98712136295704,-87.68964030267,6,3,546,681,0
208,41.740083373975644,-87.59917527063973,2,5,795,928,0
209,41.88250153669377,-87.59934728324374,2,5,823,935,0
210,41.70817140639243,-87.55083865843486,1,5,831,972,0
211,41.96928339295617,-87.71884943494737,4,4,824,972,0
212,41.70282676257686,-87.50638152552041,7,3,794,973,0
213,41.99996172100745,-87.71437426035378,5,6,643,799,0
214,41.969630839134446,-87.65591987134272,8,4,549,694,0
215,41.80807239231128,-87.70935891233378,3,6,702,874,0
216,41.97826608651229,-87.69521736355841,3,3,559,687,0
217,41.9706988239876,-87.60385963448455,4,3,650,825,0
218,41.957006297186965,-87.64262635442184,2,6,716,839,0
219,41.84942591300004,-87.60145114329495,8,6,820,921,0
220,42.007669946597694,-87.71045292523019,2,6,584,712,0
221,41.94993524040842,-87.72931038165679,4,6,570,671,0
222,41.90854518961951,-87.58796717616679,5,3,744,844,0
223,41.73917425219726,-87.51181332592265,1,6,482,652,0
224,41.900777340472935,-87.58908947703426,4,5,683,845,0
225,41.66746071102619,-87.55079120199875,4,3,748,858,0
226,41.86068875493858,-87.6305414097317,3,3,678,844,0
227,41.76226561431765,-87.68087619296881,2,6,618,714,0
228,41.95795043259106,-87.60476086880539,1,4,778,893,0
229,41.79917869003712,-87.61364195418771,1,6,613,767,0
230,41.79223710745956,-87.68018726192487,4,3,735,852,0
231,41.92319337972623,-87.73807713877807,1,4,647,803,0
232,41.84084164095219,-87.60505893004003,8,4,489,658,0
233,41.704028733412095,-87.54142211376552,2,4,670,766,0
234,41.89231480823603,-87.58336773144485,6,5,497,589,0
235,41.79736423204643,-87.74114711303885,6,6,815,990,0
236,41.98240552600941,-87.75174280362828,4,6,696,833,0
237,41.7063775931188,-87.55966837811978,8,5,613,749,0
238,41.80578515682888,-87.74347878957893,1,3,655,787,0
239,41.79091934891358,-87.69735039226634,2,6,702,831,0
240,41.775745656139236,-87.57535819504159,3,5,573,725,0
241,41.74117299302204,-87.55108044535646,2,5,583,725,0
242,41.95772170488794,-87.68579399171665,3,5,630,734,0
243,41.95115033832898,-87.63998018946596,3,6,573,720,0
244,41.968615404934276,-87.6666957938147,7,6,752,902,0
245,41.95172607165293,-87.72557128643436,3,5,517,617,0
246,41.977343507635716,-87.6879629289041,8,5,777,901,0
247,41.77705794426473,-87.6977692849057,7,5,605,766,0
248,41.902233356492715,-87.64669710170493,8,4,682,828,0
249,41.92875107035458,-87.59674689103628,1,4,536,638,0
250,41.70509815399288,-87.55177511503767,8,5,618,711,0
251,41.90933938243649,-87.60963364784135,5,3,751,893,0
252,41.90413941649419,-87.63211211824651,8,4,577,709,0
253,41.88029935626683,-87.60779156329043,3,5,527,704,0
254,41.683515428696815,-87.56825887864247,8,6,667,804,0
255,41.92650868637028,-87.6161484337784,5,5,538,712,0
256,41.89754778331919,-87.62290101613995,1,4,593,702,0
257,41.790039552732736,-87.70592697657735,4,4,642,772,0
258,41.97613869753049,-87.68480637755302,2,5,683,785,0
259,41.73968204472466,-87.50975075556575,8,5,710,852,0
260,41.943704745450255,-87.6435805083209,3,3,723,830,0
261,41.98354101253053,-87.66640565690149,2,5,783,917,0
262,41.76348339081855,-87.54751297095822,5,4,503,624,0
263,41.88207738691074,-87.57738491450174,4,5,610,716,0
264,41.94610761461365,-87.80117991877574,1,6,480,578,0
265,41.921295802123396,-87.77452054748981,7,6,483,619,0
266,41.92077285971804,-87.66302626634992,7,5,556,732,0
267,41.692482365755076,-87.48338614129659,6,4,695,803,0
268,41.807001810980964,-87.65497872773854,5,4,802,928,0
269,41.809085399655046,-87.51815410092715,4,3,758,868,0
270,41.745800348007805,-87.70335215640809,5,6,712,875,0
271,41.973749993586495,-87.76169905179229,5,6,760,887,0
272,41.933615594178804,-87.70840916566452,2,6,541,719,0
273,41.774195362859366,-87.54226155985101,1,4,782,894,0
274,41.94197018140333,-87.6129910074841,3,4,800,897,0
275,41.73323606731463,-87.67096749884936,4,6,514,657,0
276,41.93151685294182,-87.60628066895215,2,5,649,798,0
277,41.92870058766394,-87.6262720784387,1,5,778,958,0
278,41.6875576263467,-87.5066221315362,7,4,651,820,0
279,41.87557146966179,-87.58829927406549,3,4,782,952,0
280,41.74258391263515,-87.59931853491214,5,5,816,963,0
281,41.97473175681467,-87.80004196291469,5,6,650,772,0
282,41.90022569563168,-87.58167821213145,6,4,501,630,0
283,41.79370396650227,-87.62420403198689,6,6,602,704,0
284,41.972884636385224,-87.75833601469655,3,3,557,686,0
285,41.82147995679315,-87.72782108898035,7,4,650,773,0
286,41.8959265249537,-87.61237037173736,3,6,690,783,0
287,41.92139880560354,-87.69198633233718,7,6,647,755,0
288,41.73238906068518,-87.47194800900232,4,6,550,688,0
289,41.89624286835918,-87.59818343820015,1,4,588,711,0
290,41.81571001888653,-87.67722505284172,7,6,724,904,0
291,41.79523598960747,-87.69495312629168,1,6,489,622,0
292,41.95907897362952,-87.72324548811629,7,6,557,734,0
293,41.71227255805446,-87.54324122269719,1,3,801,951,0
294,41.757135184704694,-87.56757853155986,2,5,515,608,0
295,41.8190592991959,-87.47458519497347,5,6,629,737,0
296,41.70444950480488,-87.47237049709463,8,6,554,708,0
297,41.78898676705124,-87.62596102991692,4,3,517,656,0
298,41.93565926158696,-87.64704646917711,1,6,632,749,0
299,41.93907231555773,-87.69456417500699,2,3,667,804,0
300,41.77022981481571,-87.5224955891799,8,4,543,715,0
