route,position,stop_id,lat,lon,arrival_time,demand_packages
1,1,294,41.757135,-87.567579,08:35,2
1,2,83,41.699867,-87.561158,08:48,5
1,3,81,41.687683,-87.559809,08:56,7
1,4,36,41.671510,-87.543561,09:03,6
1,5,88,41.671797,-87.526151,09:11,4
1,6,188,41.685956,-87.512147,09:19,8
1,7,51,41.693151,-87.517253,09:44,4
1,8,56,41.693332,-87.506179,09:48,8
1,9,60,41.698181,-87.502540,09:55,5
1,10,66,41.705041,-87.485336,10:02,5
1,11,191,41.743833,-87.546342,10:13,1
1,12,241,41.741173,-87.551080,10:18,2
1,13,178,41.742112,-87.550700,10:23,3
2,1,137,41.765846,-87.558646,09:21,6
2,2,186,41.747761,-87.544535,09:29,5
2,3,24,41.749398,-87.541131,09:34,6
2,4,27,41.745508,-87.538860,10:43,1
2,5,149,41.738908,-87.517831,10:49,8
2,6,237,41.706378,-87.559668,11:01,8
2,7,98,41.714680,-87.558686,11:07,8
2,8,157,41.752600,-87.587852,11:19,7
2,9,4,41.762104,-87.587112,11:26,2
2,10,42,41.793954,-87.618215,11:36,8
2,11,229,41.799179,-87.613642,11:42,1
3,1,196,41.790821,-87.524276,10:23,4
3,2,71,41.752857,-87.491042,10:33,8
3,3,288,41.732389,-87.471948,10:40,4
3,4,296,41.704450,-87.472370,10:50,8
3,5,267,41.692482,-87.483386,11:35,6
3,6,278,41.687558,-87.506622,11:41,7
3,7,77,41.684191,-87.511392,11:46,2
3,8,1,41.669328,-87.533946,11:55,1
3,9,65,41.672144,-87.539572,12:01,4
3,10,225,41.667461,-87.550791,12:28,4
3,11,101,41.722407,-87.574462,12:39,8
3,12,117,41.771708,-87.593707,12:49,2
4,1,144,41.808689,-87.621255,08:12,6
4,2,192,41.794815,-87.601761,09:03,2
4,3,262,41.763483,-87.547513,09:14,5
4,4,151,41.751012,-87.514773,09:22,4
4,5,223,41.739174,-87.511813,09:28,1
4,6,37,41.735851,-87.512434,09:35,1
4,7,180,41.734856,-87.513361,09:39,5
4,8,25,41.733483,-87.513320,09:44,7
4,9,153,41.714801,-87.525067,09:52,7
4,10,26,41.714512,-87.534997,10:01,3
4,11,203,41.713242,-87.533663,10:04,1
4,12,104,41.709008,-87.531327,10:11,1
4,13,233,41.704029,-87.541422,11:10,2
4,14,74,41.711344,-87.548317,11:18,1
4,15,167,41.722969,-87.551204,11:31,2
4,16,160,41.730215,-87.553941,12:54,1
4,17,11,41.759762,-87.576954,13:02,7
5,1,95,41.756869,-87.595394,09:46,3
5,2,189,41.719052,-87.591909,10:01,5
5,3,150,41.718821,-87.590377,10:06,5
5,4,19,41.706987,-87.571892,10:15,6
5,5,136,41.695875,-87.576623,10:21,6
5,6,254,41.683515,-87.568259,11:07,8
5,7,14,41.689767,-87.542735,11:16,3
5,8,47,41.701143,-87.551545,11:21,5
5,9,250,41.705098,-87.551775,11:25,8
5,10,129,41.762373,-87.572717,11:38,8
5,11,240,41.775746,-87.575358,11:44,3
6,1,123,41.856676,-87.655053,09:36,3
6,2,291,41.795236,-87.694953,09:51,1
6,3,128,41.791886,-87.704592,09:59,7
6,4,112,41.764298,-87.713823,10:29,1
6,5,182,41.720345,-87.715396,10:41,5
6,6,275,41.733236,-87.670967,10:50,4
6,7,78,41.724377,-87.682905,12:07,2
6,8,187,41.726731,-87.669415,12:33,5
6,9,38,41.720520,-87.595334,12:46,2
6,10,125,41.715231,-87.569519,12:53,6
6,11,201,41.698376,-87.544075,13:55,3
6,12,111,41.702509,-87.526675,14:01,8
6,13,199,41.710076,-87.527035,14:05,3
6,14,35,41.743427,-87.517631,14:14,6
6,15,269,41.809085,-87.518154,14:26,4
7,1,54,41.785359,-87.661204,08:25,8
7,2,130,41.776321,-87.656581,08:55,8
7,3,206,41.781001,-87.667361,10:21,8
7,4,227,41.762266,-87.680876,10:29,2
7,5,143,41.741553,-87.684223,10:38,1
7,6,72,41.743525,-87.676887,10:43,7
7,7,87,41.748454,-87.669999,10:48,5
7,8,15,41.750184,-87.658286,10:55,4
7,9,171,41.746392,-87.626277,11:04,7
7,10,119,41.753354,-87.622156,11:11,4
7,11,200,41.760328,-87.623361,11:17,2
7,12,226,41.860689,-87.630541,11:35,3
8,1,253,41.880299,-87.607792,08:47,3
8,2,263,41.882077,-87.577385,10:10,4
8,3,69,41.813455,-87.539772,11:27,3
8,4,295,41.819059,-87.474585,11:37,5
8,5,184,41.762921,-87.474452,12:30,4
8,6,127,41.747701,-87.476335,13:29,8
8,7,79,41.697952,-87.494041,13:42,7
8,8,212,41.702827,-87.506382,13:49,7
8,9,183,41.711029,-87.509294,13:53,4
8,10,259,41.739682,-87.509751,14:03,8
8,11,142,41.750873,-87.515542,14:09,5
8,12,273,41.774195,-87.542262,14:18,1
9,1,283,41.793704,-87.624204,10:02,6
9,2,297,41.788987,-87.625961,10:09,4
9,3,122,41.774348,-87.626180,13:21,8
9,4,48,41.760891,-87.582293,13:30,8
9,5,280,41.742584,-87.599319,13:36,5
9,6,208,41.740083,-87.599175,13:41,2
9,7,82,41.677955,-87.590406,13:57,3
9,8,62,41.696239,-87.566051,14:04,3
9,9,210,41.708171,-87.550839,14:09,1
9,10,293,41.712273,-87.543241,14:15,1
9,11,18,41.746721,-87.496895,14:25,2
9,12,68,41.772996,-87.483595,14:34,3
9,13,43,41.800313,-87.513807,14:42,3
9,14,194,41.889538,-87.559029,15:00,4
9,15,148,41.896160,-87.589798,15:08,7
10,1,147,41.876043,-87.597339,12:28,5
10,2,279,41.875571,-87.588299,13:02,3
10,3,126,41.874432,-87.591448,13:16,2
10,4,268,41.807002,-87.654979,13:31,5
10,5,185,41.796090,-87.658740,13:46,1
10,6,230,41.792237,-87.680187,13:51,4
10,7,28,41.789632,-87.691089,13:55,8
10,8,235,41.797364,-87.741147,14:04,6
10,9,215,41.808072,-87.709359,14:13,3
10,10,290,41.815710,-87.677225,14:23,7
10,11,166,41.835480,-87.648568,14:33,1
11,1,265,41.921296,-87.774521,08:16,7
11,2,264,41.946108,-87.801180,08:26,1
11,3,105,41.947202,-87.749663,09:56,1
11,4,221,41.949935,-87.729310,10:01,4
11,5,245,41.951726,-87.725571,10:08,3
11,6,113,41.971613,-87.725946,10:22,7
11,7,138,41.971039,-87.741335,10:29,8
11,8,204,41.990746,-87.754317,10:41,3
11,9,281,41.974732,-87.800042,10:50,5
11,10,5,41.939752,-87.794116,11:38,5
11,11,135,41.890884,-87.779795,11:48,8
11,12,46,41.888236,-87.732442,11:56,1
11,13,80,41.875777,-87.697142,12:04,7
12,1,190,41.901356,-87.626059,09:03,4
12,2,70,41.921750,-87.622868,09:12,6
12,3,159,41.926113,-87.623432,10:43,5
12,4,255,41.926509,-87.616148,10:49,5
12,5,193,41.929229,-87.621659,10:54,3
12,6,59,41.942972,-87.639142,11:00,2
12,7,243,41.951150,-87.639980,11:05,3
12,8,97,41.967406,-87.642089,11:13,6
12,9,162,41.967546,-87.646630,11:19,2
12,10,214,41.969631,-87.655920,11:24,8
12,11,244,41.968615,-87.666696,12:32,7
12,12,6,41.969118,-87.669639,12:38,4
12,13,61,41.943264,-87.668251,12:48,2
12,14,3,41.925334,-87.659983,12:56,3
13,1,287,41.921399,-87.691986,10:47,7
13,2,16,41.926969,-87.702583,10:54,1
13,3,2,41.935728,-87.712962,11:01,5
13,4,102,41.956082,-87.726038,12:02,5
13,5,292,41.959079,-87.723245,12:08,7
13,6,108,41.967103,-87.729063,12:59,5
13,7,271,41.973750,-87.761699,13:08,5
13,8,236,41.982406,-87.751743,13:16,4
13,9,156,41.985934,-87.751059,13:23,7
13,10,89,42.014184,-87.757925,13:31,7
13,11,107,41.991107,-87.698495,13:42,3
13,12,110,41.964239,-87.704988,13:51,4
14,1,289,41.896243,-87.598183,09:48,1
14,2,161,41.912648,-87.582308,09:55,1
14,3,249,41.928751,-87.596747,10:03,1
14,4,139,41.935227,-87.604020,10:09,6
14,5,23,41.951783,-87.582919,10:16,3
14,6,32,41.953787,-87.578838,10:21,2
14,7,173,41.963492,-87.544971,11:13,8
14,8,217,41.970699,-87.603860,11:22,4
14,9,31,41.991867,-87.609018,11:28,2
14,10,116,41.989695,-87.625193,12:29,4
14,11,120,41.978993,-87.640234,12:36,2
14,12,261,41.983541,-87.666406,13:03,2
14,13,33,41.957724,-87.711173,13:14,7
14,14,299,41.939072,-87.694564,13:20,2
14,15,141,41.954824,-87.691997,13:25,4
14,16,154,41.954355,-87.664145,13:33,8
14,17,198,41.952204,-87.661196,13:56,2
15,1,8,41.810585,-87.674555,09:44,3
15,2,124,41.810470,-87.674575,09:47,2
15,3,165,41.805526,-87.685655,11:16,4
15,4,285,41.821480,-87.727821,11:26,7
15,5,238,41.805785,-87.743479,11:33,1
15,6,202,41.780231,-87.722113,11:55,6
15,7,257,41.790040,-87.705927,12:00,4
15,8,239,41.790919,-87.697350,12:05,2
15,9,247,41.777058,-87.697769,12:13,7
15,10,73,41.767962,-87.696585,12:19,2
15,11,270,41.745800,-87.703352,12:28,5
15,12,53,41.747362,-87.674696,12:37,5
15,13,118,41.763136,-87.619156,12:48,6
15,14,40,41.760760,-87.611930,13:59,5
15,15,64,41.789445,-87.619170,14:07,1
16,1,85,41.904563,-87.637742,08:11,2
16,2,177,41.911577,-87.641380,09:51,6
16,3,63,41.912314,-87.645919,09:56,6
16,4,145,41.936442,-87.652986,10:03,6
16,5,44,41.948177,-87.656110,10:10,1
16,6,179,41.954377,-87.669503,10:28,3
16,7,169,41.960876,-87.677305,10:34,8
16,8,242,41.957722,-87.685794,10:39,3
16,9,10,41.958365,-87.686031,10:44,1
16,10,216,41.978266,-87.695217,10:51,3
16,11,106,41.975954,-87.693029,12:43,7
16,12,246,41.977344,-87.687963,12:57,8
16,13,258,41.976139,-87.684806,13:02,2
16,14,52,41.971286,-87.684721,13:53,2
17,1,45,41.923555,-87.666823,08:09,8
17,2,41,41.941064,-87.682480,09:43,1
17,3,100,41.941894,-87.673960,09:48,4
17,4,195,41.968426,-87.669175,09:56,3
17,5,152,41.978608,-87.666815,10:01,1
17,6,207,41.987121,-87.689640,10:08,6
17,7,75,41.996515,-87.708255,10:13,1
17,8,213,41.999962,-87.714374,10:43,5
17,9,220,42.007670,-87.710453,10:50,2
17,10,115,42.004249,-87.662238,11:01,6
17,11,134,42.003953,-87.661711,11:05,4
17,12,90,42.026982,-87.607615,12:22,6
17,13,164,41.978436,-87.622505,12:33,6
17,14,218,41.957006,-87.642626,12:42,2
17,15,67,41.952031,-87.646694,12:49,2
17,16,260,41.943705,-87.643581,12:54,3
18,1,76,41.885110,-87.668973,11:00,5
18,2,266,41.920773,-87.663026,11:09,7
18,3,298,41.935659,-87.647046,11:17,1
18,4,39,41.934592,-87.643059,11:23,7
18,5,7,41.920359,-87.647243,11:48,6
18,6,109,41.915374,-87.637937,13:26,4
18,7,146,41.903807,-87.637382,13:34,6
18,8,248,41.902233,-87.646697,13:40,8
19,1,91,41.929947,-87.701104,08:42,5
19,2,272,41.933616,-87.708409,09:01,2
19,3,168,41.918734,-87.737631,09:32,8
19,4,231,41.923193,-87.738077,10:47,1
19,5,99,41.952218,-87.758732,10:56,2
19,6,132,41.955695,-87.765196,11:12,2
19,7,284,41.972885,-87.758336,11:19,3
19,8,211,41.969283,-87.718849,13:44,4
19,9,92,41.952440,-87.710544,13:51,6
19,10,55,41.949194,-87.726562,13:56,1
19,11,205,41.933112,-87.735274,14:04,1
19,12,84,41.913534,-87.715214,14:11,5
19,13,175,41.917257,-87.697501,14:19,6
19,14,170,41.912824,-87.667028,14:27,4
19,15,30,41.907332,-87.660600,14:33,5
19,16,50,41.880936,-87.634763,14:40,5
20,1,140,41.896452,-87.623432,10:37,4
20,2,256,41.897548,-87.622901,10:42,1
20,3,96,41.898657,-87.618699,10:47,7
20,4,163,41.900186,-87.614646,10:51,4
20,5,114,41.902801,-87.606828,10:56,8
20,6,251,41.909339,-87.609634,12:31,5
20,7,133,41.909796,-87.607270,12:34,3
20,8,197,41.912045,-87.604878,12:39,7
20,9,103,41.898066,-87.604372,12:46,8
20,10,286,41.895927,-87.612370,12:51,3
21,1,252,41.904139,-87.632112,09:37,8
21,2,29,41.911355,-87.617018,09:43,2
21,3,276,41.931517,-87.606281,10:49,2
21,4,94,41.953928,-87.605659,10:57,5
21,5,228,41.957950,-87.604761,12:58,1
21,6,58,41.960708,-87.608925,13:03,5
21,7,181,41.962686,-87.613815,13:06,5
21,8,274,41.941970,-87.612991,13:20,3
21,9,20,41.942319,-87.631433,13:26,6
21,10,277,41.928701,-87.626272,13:34,1
21,11,49,41.911514,-87.616862,13:41,5
21,12,17,41.910357,-87.627272,13:46,6
21,13,34,41.894795,-87.625470,13:52,2
21,14,174,41.885954,-87.629517,13:59,8
22,1,232,41.840842,-87.605059,08:09,8
22,2,13,41.773394,-87.558084,10:10,6
22,3,176,41.761822,-87.554799,10:47,4
22,4,86,41.762126,-87.541681,11:05,5
22,5,121,41.768261,-87.531885,11:12,3
22,6,300,41.770230,-87.522496,11:17,8
22,7,155,41.773196,-87.529068,11:22,6
22,8,57,41.788981,-87.532525,11:31,4
22,9,22,41.797472,-87.536658,11:35,6
22,10,219,41.849426,-87.601451,13:40,8
23,1,234,41.892315,-87.583368,08:17,6
23,2,282,41.900226,-87.581678,08:23,6
23,3,9,41.916303,-87.549872,09:49,7
23,4,21,41.913528,-87.527417,11:25,7
23,5,172,41.947839,-87.560966,11:36,6
23,6,131,41.942743,-87.576870,11:43,2
23,7,93,41.915088,-87.596815,11:53,7
23,8,222,41.908545,-87.587967,12:24,5
23,9,158,41.907388,-87.591468,12:27,7
23,10,224,41.900777,-87.589089,12:34,4
23,11,12,41.887190,-87.603915,12:42,1
23,12,209,41.882502,-87.599347,13:43,2
